{"cameraMode":{"drawMode":0,"name":"Shaded","section":"Shading Mode"},"sceneLighting":true,"audioPlay":false,"sceneViewState":{"m_AlwaysRefresh":false,"showFog":true,"showSkybox":true,"showFlares":true,"showImageEffects":true,"showParticleSystems":true,"showVisualEffectGraphs":true,"m_FxEnabled":true},"in2DMode":false,"pivot":{"x":-0.44327664375305178,"y":2.983363151550293,"z":-1.2816067934036255},"rotation":{"x":-0.041665371507406238,"y":0.9570571780204773,"z":-0.17594484984874726,"w":-0.22662819921970368},"size":8.579136848449707,"orthographic":false}